2011-12,62179
2011-12,62192
2011-12,62327
2011-12,62378
2011-12,62379
2011-12,62383
2011-12,62386
2011-12,62387
2011-12,62389
2011-12,62390
2011-12,62391
2011-12,62393
2011-12,62396
2011-12,62397
2011-12,62398
2011-12,62399
2011-12,62400
2011-12,62401
2011-12,62402
2011-12,62404
2011-12,62407
2011-12,62409
2011-12,62411
2011-12,62412
2011-12,62413
2011-12,62414
2011-12,62415
2011-12,62416
2011-12,62995
2011-12,63031
2011-12,63032
2011-12,63033
2011-12,63035
2011-12,63036
2011-12,63037
2011-12,63656
2011-12,63890
2011-12,63891
2011-12,63894
2011-12,63896
2011-12,63897
2011-12,63898
2011-12,63899
2011-12,63901
2011-12,63902
2011-12,63903
2011-12,63906
2011-12,63907
2011-12,63908
2011-12,63909
2011-12,63911
2011-12,63912
2011-12,63913
2011-12,63914
2011-12,63915
2011-12,63916
2011-12,63917
2011-12,63918
2011-12,63920
2011-12,63922
2011-12,63923
2011-12,63924
2011-12,63926
2011-12,63928
2011-12,63933
2011-12,63934
2011-12,63935
2011-12,63937
2011-12,63938
2011-12,63940
2011-12,63941
2011-12,63942
2011-12,64044
2011-12,64088
2011-12,64521
2011-12,64569
2011-12,64589
2011-12,64620
2011-12,64644
2011-12,64651
2011-12,64652
2011-12,64654
2011-12,64655
2011-12,64661
2011-12,64662
2011-12,64663
2011-12,64664
2011-12,64665
2011-12,64667
2011-12,64669
2011-12,64671
2011-12,64672
2011-12,64673
2011-12,64674
2011-12,64675
2011-12,64676
2011-12,64679
2011-12,64680
2011-12,64681
2011-12,64682
2011-12,64684
2011-12,64685
2011-12,64687
2011-12,64689
2011-12,64690
2011-12,64694
2011-12,64695
2011-12,64696
2011-12,64697
2011-12,64698
2011-12,64699
2011-12,64701
2011-12,64703
2011-12,64704
2011-12,64705
2011-12,64706
2011-12,64707
2011-12,64708
2011-12,64709
2011-12,64745
2011-12,64753
2011-12,64946
2011-12,65365
2011-12,65407
2011-12,65469
2011-12,65474
2011-12,65509
2011-12,65518
2011-12,65547
2011-12,65548
2011-12,65564
2011-12,65568
2011-12,65569
2011-12,65570
2011-12,65571
2011-12,65572
2011-12,65573
2011-12,65575
2011-12,65576
2011-12,65577
2011-12,65580
2011-12,65581
2011-12,65582
2011-12,65584
2011-12,65585
2011-12,65586
2011-12,65587
2011-12,65588
2011-12,65589
2011-12,65590
2011-12,65592
2011-12,65593
2011-12,65594
2011-12,65596
2011-12,65597
2011-12,65599
2011-12,65600
2011-12,65601
2011-12,65602
2011-12,65603
2011-12,65604
2011-12,65606
2011-12,65610
2011-12,65885
2011-12,66076
2011-12,66237
2011-12,66239
2011-12,66253
2011-12,66297
2011-12,66298
2011-12,66336
2011-12,66338
2011-12,66339
2011-12,66341
2011-12,66342
2011-12,66343
2011-12,66344
2011-12,66346
2011-12,66347
2011-12,66348
2011-12,66349
2011-12,66350
2011-12,66351
2011-12,66352
2011-12,66354
2011-12,66355
2011-12,66358
2011-12,66359
2011-12,66360
2011-12,66362
2011-12,66366
2011-12,66367
2011-12,66368
2011-12,66371
2011-12,66373
2011-12,66375
2011-12,66376
2011-12,66378
2011-12,66381
2011-12,66382
2011-12,66384
2011-12,66385
2011-12,66386
2011-12,66388
2011-12,66389
2011-12,66391
2011-12,66493
2011-12,66498
2011-12,66516
2011-12,66558
2011-12,66559
2011-12,66576
2011-12,66577
2011-12,66579
2011-12,66582
2011-12,66600
2011-12,66602
2011-12,66603
2011-12,66605
2011-12,66608
2011-12,66609
2011-12,66611
2011-12,66614
2011-12,66615
2011-12,66617
2011-12,66618
2011-12,66636
2011-12,66640
2011-12,66643
2011-12,66671
2011-12,66676
2011-12,66684
2011-12,66690
2011-12,66699
2011-12,66706
2011-12,66712
2011-12,66759
2011-12,66768
2011-12,66779
2011-12,66785
2011-12,66787
2011-12,66789
2011-12,66801
2011-12,66855
2011-12,66878
2011-12,66897
2011-12,66927
2011-12,66932
2011-12,66950
2011-12,66971
2011-12,66985
2011-12,67270
2011-12,67399
2011-12,68021
2011-12,68043
2011-12,68060
2011-12,68176
2011-12,68510
2011-12,68541
2011-12,68544
2011-12,68557
2011-12,68574
2011-12,68575
2011-12,68579
2011-12,68594
2011-12,68645
2011-12,68668
2011-12,68671
2011-12,68737
2011-12,68739
2011-12,68740
2011-12,68743
2011-12,68744
2011-12,68745
2011-12,68746
2011-12,68747
2011-12,68748
2011-12,68749
2011-12,68752
2011-12,68753
2011-12,68754
2011-12,68758
2011-12,68760
2011-12,68763
2011-12,68765
2011-12,68766
2011-12,68767
2011-12,68768
2011-12,68769
2011-12,68771
2011-12,68773
2011-12,68774
2011-12,68775
2011-12,68777
2011-12,68779
2011-12,68781
2011-12,68783
2011-12,68784
2011-12,68786
2011-12,68787
2011-12,69162
2011-12,69634
2011-12,69635
2011-12,69637
2011-12,69640
2011-12,69642
2011-12,69644
2011-12,69645
2011-12,69646
2011-12,69647
2011-12,69649
2011-12,69650
2011-12,69651
2011-12,69652
2011-12,69653
2011-12,69654
2011-12,69655
2011-12,69656
2011-12,69658
2011-12,69659
2011-12,69662
2011-12,69665
2011-12,69666
2011-12,69667
2011-12,69668
2011-12,69669
2011-12,69671
2011-12,69674
2011-12,69675
2011-12,69677
2011-12,69679
2011-12,69680
2011-12,69683
2011-12,69684
2011-12,69685
2011-12,69687
2011-12,69688
2011-12,69689
2011-12,69691
2011-12,69692
2011-12,69693
2011-12,69694
2011-12,69695
2011-12,69696
2011-12,69698
2011-12,69700
2011-12,69701
2011-12,69702
2011-12,69704
2011-12,69706
2011-12,69708
2011-12,69709
2011-12,69710
2011-12,69712
2011-12,69713
2011-12,69714
2011-12,69715
2011-12,69716
2011-12,69844
2011-12,69907
2011-12,69915
2011-12,69916
2011-12,69917
2011-12,69918
2011-12,69919
2011-12,69920
2011-12,69921
2011-12,69922
2011-12,69923
2011-12,69928
2011-12,69932
2011-12,69934
2011-12,69943
2011-12,69976
2011-12,69982
2011-12,69992
2011-12,69993
2011-12,69994
2011-12,70018
2011-12,70021
2011-12,70031
2011-12,70046
2011-12,70049
2011-12,70050
2011-12,70053
2011-12,70054
2011-12,70057
2011-12,70076
2011-12,70092
2011-12,70094
2011-12,70095
2011-12,70097
2011-12,70101
2011-12,70108
2011-12,70155
2011-12,70160
2011-12,70170
2011-12,70194
2011-12,70195
2011-12,70228
2011-12,70229
2011-12,70244
2011-12,70246
2011-12,70268
2011-12,70293
2011-12,70323
2011-12,70328
2011-12,70330
2011-12,70335
2011-12,70359
2011-12,70376
2011-12,70385
2011-12,70390
2011-12,70410
2011-12,70424
2011-12,70425
2011-12,70426
2011-12,70427
2011-12,70429
2011-12,70430
2011-12,70433
2011-12,70436
2011-12,70437
2011-12,70438
2011-12,70439
2011-12,70440
2011-12,70442
2011-12,70443
2011-12,70444
2011-12,70445
2011-12,70447
2011-12,70448
2011-12,70449
2011-12,70451
2011-12,70452
2011-12,70458
2011-12,70462
2011-12,70463
2011-12,70464
2011-12,70466
2011-12,70467
2011-12,70471
2011-12,70473
2011-12,70474
2011-12,70476
2011-12,70477
2011-12,70479
2011-12,70480
2011-12,70482
2011-12,70483
2011-12,70484
2011-12,70485
2011-12,70486
2011-12,70488
2011-12,70489
2011-12,70493
2011-12,70494
2011-12,70495
2011-12,70498
2011-12,70499
2011-12,70500
2011-12,70501
2011-12,70503
2011-12,70504
2011-12,70505
2011-12,70506
2011-12,70507
2011-12,70509
2011-12,70511
2011-12,70512
2011-12,70514
2011-12,70516
2011-12,70517
2011-12,70520
2011-12,70521
2011-12,70522
2011-12,70523
2011-12,70525
2011-12,70526
2011-12,70527
2011-12,70529
2011-12,70531
2011-12,70532
2011-12,70533
2011-12,70535
2011-12,70536
2011-12,70538
2011-12,70540
2011-12,70541
2011-12,70542
2011-12,70543
2011-12,70544
2011-12,70545
2011-12,70547
2011-12,70550
2011-12,70551
2011-12,70554
2011-12,70555
2011-12,70558
2011-12,70561
2011-12,70562
2011-12,70564
2011-12,70565
2011-12,70581
2011-12,70582
2011-12,70600
2011-12,70604
2011-12,70613
2011-12,70621
2011-12,70635
2011-12,70640
2011-12,70648
2011-12,70658
2011-12,70674
2011-12,70710
2011-12,70717
2011-12,70757
2011-12,70760
2011-12,70766
2011-12,70772
2011-12,70773
2011-12,70775
2011-12,70784
2011-12,70788
2011-12,70792
2011-12,70797
2011-12,70816
2011-12,70838
2011-12,70858
2011-12,70887
2011-12,70893
2011-12,70895
2011-12,70918
2011-12,70921
2011-12,70932
2011-12,70935
2011-12,70948
2011-12,70959
2011-12,70962
2011-12,70970
2011-12,70971
2011-12,70972
2011-12,70975
2011-12,70978
2011-12,70981
2011-12,70987
2011-12,70998
2011-12,71014
2011-12,71029
2011-12,71032
2011-12,71034
2011-12,71061
2011-12,71068
2011-12,71094
2011-12,71100
2011-12,71105
2011-12,71119
2011-12,71152
2011-12,71157
2011-12,71158
2011-12,71159
2011-12,71175
2011-12,71194
2011-12,71216
2011-12,71233
2011-12,71235
2011-12,71245
2011-12,71278
2011-12,71279
2011-12,71280
2011-12,71282
2011-12,71284
2011-12,71285
2011-12,71286
2011-12,71288
2011-12,71290
2011-12,71291
2011-12,71292
2011-12,71294
2011-12,71296
2011-12,71297
2011-12,71298
2011-12,71301
2011-12,71302
2011-12,71305
2011-12,71306
2011-12,71308
2011-12,71309
2011-12,71310
2011-12,71311
2011-12,71312
2011-12,71313
2011-12,71314
2011-12,71315
2011-12,71316
2011-12,71321
2011-12,71322
2011-12,71323
2011-12,71326
2011-12,71429
2011-12,71607
2011-12,71637
2013-14,73601
2013-14,73735
2013-14,73812
2013-14,73991
2013-14,74156
2013-14,74244
2013-14,74329
2013-14,74344
2013-14,74726
2013-14,74914
2013-14,74959
2013-14,75051
2013-14,75201
2013-14,75310
2013-14,75416
2013-14,75830
2013-14,75879
2013-14,75905
2013-14,76309
2013-14,76520
2013-14,76580
2013-14,76643
2013-14,76658
2013-14,76755
2013-14,76968
2013-14,77001
2013-14,77014
2013-14,77092
2013-14,77096
2013-14,77366
2013-14,77446
2013-14,77637
2013-14,77638
2013-14,77639
2013-14,77647
2013-14,77649
2013-14,77654
2013-14,77658
2013-14,77693
2013-14,77713
2013-14,77715
2013-14,77716
2013-14,77717
2013-14,77722
2013-14,77723
2013-14,77772
2013-14,77777
2013-14,77778
2013-14,77779
2013-14,77784
2013-14,77807
2013-14,77810
2013-14,77811
2013-14,77882
2013-14,77883
2013-14,77886
2013-14,77891
2013-14,77892
2013-14,77894
2013-14,77895
2013-14,77984
2013-14,78031
2013-14,78185
2013-14,78276
2013-14,78321
2013-14,78328
2013-14,78390
2013-14,78402
2013-14,78404
2013-14,78421
2013-14,78436
2013-14,78437
2013-14,78731
2013-14,78851
2013-14,78913
2013-14,78990
2013-14,79062
2013-14,79118
2013-14,79165
2013-14,79166
2013-14,79169
2013-14,79224
2013-14,79241
2013-14,79242
2013-14,79243
2013-14,79246
2013-14,79247
2013-14,79248
2013-14,79249
2013-14,79277
2013-14,79460
2013-14,79467
2013-14,79534
2013-14,79648
2013-14,79770
2013-14,80003
2013-14,80016
2013-14,80043
2013-14,80124
2013-14,80153
2013-14,80327
2013-14,80443
2013-14,80508
2013-14,80511
2013-14,80676
2013-14,80691
2013-14,80694
2013-14,80700
2013-14,80702
2013-14,80714
2013-14,80727
2013-14,80730
2013-14,80751
2013-14,80758
2013-14,80781
2013-14,80868
2013-14,80879
2013-14,80880
2013-14,80890
2013-14,80895
2013-14,80920
2013-14,80921
2013-14,80925
2013-14,80929
2013-14,80939
2013-14,81026
2013-14,81191
2013-14,81226
2013-14,81246
2013-14,81274
2013-14,81310
2013-14,81344
2013-14,81352
2013-14,81361
2013-14,81441
2013-14,81468
2013-14,81470
2013-14,81486
2013-14,81509
2013-14,81545
2013-14,81546
2013-14,81554
2013-14,81565
2013-14,81566
2013-14,81570
2013-14,81574
2013-14,81577
2013-14,81608
2013-14,81612
2013-14,81614
2013-14,81619
2013-14,81620
2013-14,81621
2013-14,81627
2013-14,81638
2013-14,81639
2013-14,81663
2013-14,81664
2013-14,81669
2013-14,81735
2013-14,81799
2013-14,81860
2013-14,81877
2013-14,81879
2013-14,81923
2013-14,82039
2013-14,82071
2013-14,82088
2013-14,82197
2013-14,82201
2013-14,82219
2013-14,82220
2013-14,82225
2013-14,82229
2013-14,82287
2013-14,82291
2013-14,82294
2013-14,82297
2013-14,82300
2013-14,82305
2013-14,82309
2013-14,82314
2013-14,82315
2013-14,82319
2013-14,82320
2013-14,82321
2013-14,82334
2013-14,82338
2013-14,82341
2013-14,82343
2013-14,82348
2013-14,82349
2013-14,82351
2013-14,82353
2013-14,82354
2013-14,82357
2013-14,82358
2013-14,82359
2013-14,82360
2013-14,82365
2013-14,82370
2013-14,82377
2013-14,82381
2013-14,82423
2013-14,82425
2013-14,82429
2013-14,82430
2013-14,82434
2013-14,82435
2013-14,82438
2013-14,82440
2013-14,82443
2013-14,82445
2013-14,82446
2013-14,82454
2013-14,82458
2013-14,82461
2013-14,82462
2013-14,82476
2013-14,82477
2013-14,82478
2013-14,82492
2013-14,82513
2013-14,82514
2013-14,82515
2013-14,82517
2013-14,82518
2013-14,82575
2013-14,82602
2013-14,82603
2013-14,82604
2013-14,82608
2013-14,82612
2013-14,82614
2013-14,82615
2013-14,82616
2013-14,82618
2013-14,82619
2013-14,82622
2013-14,82626
2013-14,82628
2013-14,82629
2013-14,82630
2013-14,82634
2013-14,82637
2013-14,82641
2013-14,82642
2013-14,82656
2013-14,82658
2013-14,82660
2013-14,82668
2013-14,82859
2013-14,82940
2013-14,82941
2013-14,82961
2013-14,82967
2013-14,82968
2013-14,82970
2013-14,82978
2013-14,82983
2013-14,82987
2013-14,83011
2013-14,83021
2013-14,83022
2013-14,83026
2013-14,83027
2013-14,83029
2013-14,83030
2013-14,83037
2013-14,83099
2013-14,83101
2013-14,83102
2013-14,83103
2013-14,83105
2013-14,83106
2013-14,83110
2013-14,83113
2013-14,83116
2013-14,83118
2013-14,83119
2013-14,83121
2013-14,83122
2013-14,83124
2013-14,83128
2013-14,83134
2013-14,83140
2013-14,83144
2013-14,83147
2013-14,83149
2013-14,83151
2013-14,83156
2013-14,83157
2013-14,83158
2013-14,83159
2013-14,83162
2013-14,83168
2013-14,83169
2013-14,83172
2013-14,83181
2013-14,83183
2013-14,83184
2013-14,83187
2013-14,83192
2013-14,83194
2013-14,83196
2013-14,83207
2013-14,83211
2013-14,83212
2013-14,83215
2013-14,83218
2013-14,83219
2013-14,83220
2013-14,83222
2013-14,83226
2013-14,83227
2013-14,83228
2013-14,83236
2013-14,83267
2013-14,83273
2013-14,83277
2013-14,83501
2013-14,83729
